<?xml version="1.0" encoding="UTF-8" standalone="yes"?>
<addon id="DeadByDawnDBD" name="DeadByDawnDBD" version="0.1" provider-name="DeadByDawnDBD">
    <extension point="xbmc.addon.repository" name="DeadByDawnDBD">
        <dir>
            <info compressed="false">https://raw.githubusercontent.com/DeadByDawnDBD/DeadByDawnDBD/master/repo/zips/addons.xml</info>
            <checksum>https://raw.githubusercontent.com/DeadByDawnDBD/DeadByDawnDBD/master/repo/zips/addons.xml.md5</checksum>
            <datadir zip="true">https://raw.githubusercontent.com/DeadByDawnDBD/DeadByDawnDBD/master/repo/zips/</datadir>
        </dir>
    </extension>
    <extension point="xbmc.addon.metadata">
        <summary>DBD Repo</summary>
        <description>Please Work</description>
        <disclaimer></disclaimer>
        <platform>all</platform>
        <assets>
            <icon>icon.png</icon>
            <fanart>fanart.jpg</fanart>
        </assets>
    </extension>
</addon>
